STT,Link
KH_09,https://drive.google.com/file/d/1orFrJplFzSuWJkG_1_HcWYzTdru1PoLT/view?usp=sharing
KH_44,https://drive.google.com/file/d/1DbwX4i779b8WAhC8icfTGzHkQJHcCdXb/view?usp=sharing
KH_136,https://drive.google.com/file/d/1eyliSsUnaTsrJ-UlHyBH5g6hfIaMJ0XT/view?usp=sharing
KH_167,https://drive.google.com/file/d/14sG15t9x_woWmCt29Gjp6k6xljGABB9Z/view?usp=sharing
KH_194,https://drive.google.com/file/d/11R2T16k8tJARlt2QUOC551dJFEj1Ims2/view?usp=sharing
KH_386,https://drive.google.com/file/d/106WGLMutZCU1REwIC9ESNncMM9Kq0cpg/view?usp=sharing
KH_428,https://drive.google.com/file/d/1QgBleCc2_ovNmm6R2JosID6-WA_Z8eiN/view?usp=sharing
KH_444,https://drive.google.com/file/d/1l1Ey00aVoEpkgtuorb8a2IKoCSWG33Wz/view?usp=sharing
KH_461,https://drive.google.com/file/d/1dR0bSCQo24z3WipVwg5-MzHmqCzLXVxi/view?usp=sharing
KH_462,https://drive.google.com/file/d/1VaVnG_3GmBJj8Vjky_uVDbxkbhL6GxJm/view?usp=sharing
KH_508,https://drive.google.com/file/d/1ZShdw3V8wtKp58QPYp9N8XXtYqSUR00v/view?usp=sharing
KH_597,https://drive.google.com/file/d/1nKReU4OwSKNjUnogMz_xNLUd8nxPL8jf/view?usp=sharing
KH_680,https://drive.google.com/file/d/1CmX20oEW2-eLXgXBrAiBllZfTW7attxo/view?usp=sharing
KH_749,https://drive.google.com/file/d/1kHmO4BWwGzRlnZeVHGxYqA6JC8s-M0db/view?usp=sharing
KH_772,https://drive.google.com/file/d/1nEqJM3p1eySZCpLjw2vcAL0i5mcUCt-P/view?usp=sharing
KH_811,https://drive.google.com/file/d/1di_htKDtXZo0J0bwiUeEQ0hgP4yFipAw/view?usp=sharing
KH_821,https://drive.google.com/file/d/1dXxFoLLIBXrCUK7HVT_T5IFxpT9ww9di/view?usp=sharing
KH_866,https://drive.google.com/file/d/1ggRk-PGfcPI8cW5Z3JzVdpJFq0uQmMMs/view?usp=sharing
KH_1011,https://drive.google.com/file/d/14hMiSch4YaddHVFKa1ah5Gvj6yhFdHKs/view?usp=sharing
TB_48,https://drive.google.com/file/d/1bWk0KZrD9-aSJjFy2H0gxSI0BWzO0zYp/view?usp=sharing
TB_278,https://drive.google.com/file/d/1Z6e3vUAX6eAdWL2wS3jswGqcwyE8QT-U/view?usp=sharing
TB_313,https://drive.google.com/file/d/1wiz2cSbs1qiiTGAd4He-l41dacCeOYFw/view?usp=sharing
TB_362,https://drive.google.com/file/d/1B8o7JvsFwBuz_NKx5AOMdF5V7t1WzuHD/view?usp=sharing
TB_369,https://drive.google.com/file/d/1xB4fRBY_Aa0kyBVNB6qDccvb2uHRgTIU/view?usp=sharing
TB_370,https://drive.google.com/file/d/17TsuUym1NiHdcqLSm5ep7KM6Ouv94ajf/view?usp=sharing
TB_387,https://drive.google.com/file/d/11AyjXfgVwlD5LTx1u6QYTnRep70XPrxq/view?usp=sharing
TB_389,https://drive.google.com/file/d/1cDmmO8PHE5JDzkgCmY_xltRVzm_7ViyU/view?usp=sharing
TB_401,https://drive.google.com/file/d/1IO-FolZRoirVqc6loyTK8i3SIt8az6OX/view?usp=sharing
TB_466,https://drive.google.com/file/d/15wsydw_soEmocDJjgIj0Hqi6avw03FQF/view?usp=sharing
TB_494,https://drive.google.com/file/d/1HK1stunIIgNda2mrI3GaLNP1WGAdXqL6/view?usp=sharing
TB_543,https://drive.google.com/file/d/1AW94qF4WkNJHL-S8ZOc88vXcg7DBmd1n/view?usp=sharing
TB_612,https://drive.google.com/file/d/1e3OQ-G_DSUg9ZjbuwrtNwtsG7B4aXl1e/view?usp=sharing
TB_656,https://drive.google.com/file/d/1L7bSfEFJQBKdd9Pb_ul8MJAHdw38q7_n/view?usp=sharing
TB_674,https://drive.google.com/file/d/1sy2KZC9fHWfPuQtzHtU6EM-zk69_qRz-/view?usp=sharing
TB_676,https://drive.google.com/file/d/1JLb953XezyCKBEp4l3PSclHtOuB47CDg/view?usp=sharing
TB_693,https://drive.google.com/file/d/15su0AI1zADpeT2m-BRO63xhsdv-Eob9z/view?usp=sharing
TB_696,https://drive.google.com/file/d/1KHdIh33TSOi4IwSraZ_ELxNWfK0b-0lO/view?usp=sharing
TB_714,https://drive.google.com/file/d/1V3EPS0IdiN4B73TKMzFeA2Q-0CtHPW2Y/view?usp=sharing
TB_746,https://drive.google.com/file/d/1rQ40rEjofvm50HFV7zRdGV2r2slgSDv-/view?usp=sharing
TB_763,https://drive.google.com/file/d/1pcq4pq07KIO4oscN63DprbJMGK2a5Gf1/view?usp=sharing
TB_764,https://drive.google.com/file/d/1gXkAAVGnuit_2gmmOiQSLvD0h5Egjfz0/view?usp=sharing
TB_770,https://drive.google.com/file/d/12viAgfTZzRvUzOlWRPfiBNSLHF03zhHr/view?usp=sharing
TB_772,https://drive.google.com/file/d/1nEqJM3p1eySZCpLjw2vcAL0i5mcUCt-P/view?usp=sharing
TB_856,https://drive.google.com/file/d/15mCoY80eiDBE0PJUF10ost_VH72dJA2f/view?usp=sharing
TB_906,https://drive.google.com/file/d/1j9GdhnxmFxjGirjDpis2LL6zKxiKU41W/view?usp=sharing
TB_908,https://drive.google.com/file/d/1sUvcpAGOBpVLDGCB8JJuslv9bms9G6aC/view?usp=sharing
TB_972,https://drive.google.com/file/d/1-mgTnUEMQa61bAiPrwRMdCmydJNForx6/view?usp=sharing
TB_1252,https://drive.google.com/file/d/1wsjWfiE8PMSf3ZtiFZusZit5TOP4hoiU/view?usp=sharing
TB_1333,https://drive.google.com/file/d/12U0Gw9BiV3nmzssm_3U4pejpj33dbhyf/view?usp=sharing
QD_101,https://drive.google.com/file/d/1RtYQ4HpdIg6t36LMxa4F1g0_B7q9V5MO/view?usp=sharing
QD_264,https://drive.google.com/file/d/1byuhZ_uqhR_-UTzNCm9uwiuFE0sd8Fju/view?usp=sharing
QD_285,https://drive.google.com/file/d/1cqRuk1K4hc1gyjL_501nr-RmTicb-D2W/view?usp=sharing
QD_360,https://drive.google.com/file/d/1NroodBJwdCs9gZJH_suoHgWApiv_fS4W/view?usp=sharing
QD_433,https://drive.google.com/file/d/1M1QKI13eXEIrm5wOda2CIdGnVe349hzm/view?usp=sharing
QD_468,https://drive.google.com/file/d/13Yjcec23ylhU0r3-L84y_us04kCHD67-/view?usp=sharing
QD_558,https://drive.google.com/file/d/1zGzbrEX0TDG7h1Kh_3SS_sbJYwzjMVll/view?usp=sharing
QD_812,https://drive.google.com/file/d/1eRcjm7TloAzTzMZdtGuxIiNlvGCD4waE/view?usp=sharing
QD_866,https://drive.google.com/file/d/1OlSSW5d4GBRmnaFPxW8Wvv-LyeWlPBkA/view?usp=sharing
QD_868,https://drive.google.com/file/d/1KWTJnXV3htz8GuvtbZb9VAaeRzPpaGSM/view?usp=sharing
QD_875,https://drive.google.com/file/d/1qDN4UnFsEXDLvgx-VS82A-nhD9qvJYaB/view?usp=sharing
QD_895,https://drive.google.com/file/d/1NJcj99hDSIEGIIv-b0zDVi7yJSAWH3UO/view?usp=sharing
QD_931,https://drive.google.com/file/d/1Qyg3fuT1_SZQlRKXoMj4JaPAF78mHUHN/view?usp=sharing
QD_1153,https://drive.google.com/file/d/1XLT9EfvJuOBcy3zghnml0mFMs98QAfMB/view?usp=sharing
QD_1341,https://drive.google.com/file/d/1vHZmK3JmdolqJNDPyg7PZy5zqt3ytX8s/view?usp=sharing
QD_1351,https://drive.google.com/file/d/1EsGeUsXmC7zyql2NaARUPoW7CuDn8wN3/view?usp=sharing
QD_1414,https://drive.google.com/file/d/1C-EWEd9cekQE0PmUwIXBhNkxGxDjQrG1/view?usp=sharing
QD_1733,https://drive.google.com/file/d/1cSsglpPMrtgxELc6PADqdwAkMUGs5k4g/view?usp=sharing
QD_1863,https://drive.google.com/file/d/1eJyNjrH_S-MIgsGzhzp4pP1xbe7vqXRR/view?usp=sharing
QD_2068,https://drive.google.com/file/d/1QG5Dwou3ssnDHvesHmKl5OgK7pSx0gjC/view?usp=sharing
QD_2080,https://drive.google.com/file/d/1SO5V5Uq3apsVVce3qYDOpJbF8FY0r_JZ/view?usp=sharing
QD_2185,https://drive.google.com/file/d/1OJtFDqs94gI9hwXgM2EvJZS1w0XHFkfg/view?usp=sharing
QD_2190,https://drive.google.com/file/d/1Eyi9ee3JmKQZrcOovs43k5JuM53UkfsP/view?usp=sharing
QD_2527,https://drive.google.com/file/d/1aQy0fYvFV_AaWfO4pxy0NN_Urtktlgop/view?usp=sharing
